service,username,password,notes,is_private
KIKI 1,RODOLFO,rodolfo1,,0
ROODLFO 8,RODOLFO,8G8YH+G%J[%q6nGrA9|F,COMIDA KJJKKBKJBKJ,0
RODOLFO 10,RODOLFO,lLXs292us0U@5i6ns6=A,,0
RODOLFO 11,RODOLFO,rodolfo1,,0
RODOLFO 100,RODOLFO,11111,,0
OFO,RODOLFO,rodolfo1,JXJXJXJ,0
RODOLFO 9,RODOLFO,DSVSDVSVS,,1
NENITA,RODOLFO,"+,!GnEh}7f2Q?T>W@|oa",JJJJJ,1
KIKI  22,RODOLFO,S0&zoxtScnk\gz{xj7F2,",MCMCMCMCMMC",0
PEPITO,RODOLFO,s|zFE:bYU5m:mzY2bl.[,,0
BBBBBBBBBBBBBBBBBBBBB,RODOLFO,*!koCVj+rRn[g!de%y]1,,0
CCCCCCCCCCCCCCCCCCCCCCCCC,RODOLFO,4UFif[HWw;\#a#CtL~wj,,1
DDDDDDDDDDDDDDDDDDDDDDD,RODOLFO,GpkTIo+^SZ;P})C>}-em,,0
EEEEEEEEEEEEEEEE,RODOLFO,KKLKL,,1
GMAIL GMAIL,RODOLFO,JJJJJJJ,;LMKLMKLMLK;MK;LLLM,0
",KKMKKKKK",RODOLFO,5e>1DZ}Gw2jdYA6[Wb&{,,0
LLLLLLLLLLLLLLLLLLLLLLLLLLL,RODOLFO,KKKKKKLL999999,HDHDHBDHJDVJVWJDJHJVV    QWNEKDBKH C W   NJQEW CJBW CJB  CBNEW CBJWE CJBWE CJ,0
JUAN`,RODOLFO,1234567890,MDXJXJXJXJX,0
OOOOOOOOOOOOOOOOOOO,RODOLFO,{Jq9#B~D-!2PuQkk22JQ,LKKKKKKKKKKKKK,0
RODOLFO,RODOLFO,<(T<RC<<Ldl3ZC_>@{[\,,0
RODOLFO  T,RODOLFO,(6)Du5VxY}*Jm:12)|kU,,0
RODOLFO1,RODOLFO,ATc*m-O$WDr(m-g?Lq7@,HSHHSHSHSHS,0
RODOLFO2,RODOLFO,"WF>WtY}cMf)w,yRvC@c*",,0
